{
  "project_info": {
    "project_number": "402800846321",
    "firebase_url": "https://general-awareness-app-default-rtdb.asia-southeast1.firebasedatabase.app",
    "project_id": "general-awareness-app",
    "storage_bucket": "general-awareness-app.firebasestorage.app"
  },
  "client": [
    {
      "client_info": {
        "mobilesdk_app_id": "1:402800846321:android:3b3a8cf2dea2cc14229050",
        "android_client_info": {
          "package_name": "com.example.brevity_flutter"
        }
      },
      "oauth_client": [],
      "api_key": [
        {
          "current_key": "AIzaSyBzPB-MLDEm6HJDkn1Jx9oDZFG1JHfq8RM"
        }
      ],
      "services": {
        "appinvite_service": {
          "other_platform_oauth_client": []
        }
      }
    }
  ],
  "configuration_version": "1"
}